,Unnamed: 0,Filename,Rsh_scaff,Voc (V),Isc (mA),Jsc(mA/cm2),Imax (mA),Vmax (V),Pmax (mW/cm2),FF (%),FF_est (%),PCE (%),Rseries (ohm),Rshunt (ohm),CellArea (cm2),ScanRate (mV/s),ActualScanRate (mV/s),CellNo,CellRow,CellColumn,Condition,meas_time,measurement
0,0,00-Rep_2-2023_10_31-15_41_57-rev-1,7215.482541,0.8792211197063493,1.0175320211121073,11.30591134569008,1.51424,0.627244,0.9497979545600002,106.1658969275489,71.34087045241736,10.553310606222224,122.45220527662474,-1963.9292128423376,0.09,60.0,-54.08402920308207,0,A,1,1,2023-10-31 15:41:57,1
1,1,01-Rep_2-2023_10_31-15_42_52-rev-1,6658.494803,0.87501577661527,1.035807325243158,11.508970280479534,1.51338,0.615122,0.9309133323599998,102.71039247443127,70.29838963354588,10.343481470666664,119.32642695379565,-1818.5893762551505,0.09,60.0,-54.08395067874996,1,A,2,1,2023-10-31 15:42:52,1
2,2,03-Rep_2-2023_10_31-15_44_42-rev-1,2795746.256,0.8821997045772105,1.1505952481211958,12.784391645791066,1.52422,0.615122,0.93758125484,92.36755157870822,69.72593584066024,10.41756949822222,107.8946838360548,-1229.5821243095295,0.09,60.0,-54.08386427575668,3,A,4,1,2023-10-31 15:44:42,1
3,3,04-Rep_2-2023_10_31-15_45_37-rev-1,4474184.164,0.853974584603608,1.172056424179258,13.022849157547313,1.53406,0.615121,0.9436325212600002,94.277798920398,72.03036379420152,10.48480579177778,102.55580642166277,-1579.6801817503506,0.09,60.0,-54.08422711532752,4,A,5,2,2023-10-31 15:45:37,1
4,4,05-Rep_2-2023_10_31-15_46_31-rev-1,121534.6049,0.8663098431708293,1.0490293454784665,11.655881616427406,1.5007899999999998,0.627243,0.94136002197,103.5845215317159,72.40400244145822,10.459555799666663,99.638649339996,-4504.835554415261,0.09,60.0,-54.08402628150667,5,A,6,2,2023-10-31 15:46:31,1
5,5,06-Rep_2-2023_10_31-15_47_26-rev-1,379071.4827,0.868234064412194,1.0660950972522496,11.84550108058055,1.51828,0.62724,0.9523259472000002,102.88518674766524,72.24319175090761,10.581399413333337,104.78294683656888,-2692.0149817359224,0.09,60.0,-54.08429885975049,6,A,7,2,2023-10-31 15:47:26,1
6,6,07-Rep_2-2023_10_31-15_48_21-rev-1,184330.457,0.8696504560690788,1.0936060415808673,12.151178239787416,1.52484,0.627243,0.95644521612,100.56676252582535,72.12587489865888,10.627169068,94.60154597890056,-2286.712582149796,0.09,60.0,-54.08439894204787,7,A,8,2,2023-10-31 15:48:21,1
7,7,08-Rep_2-2023_10_31-15_49_16-rev-1,5838.076993,0.7371117380855885,0.2330142492197204,2.589047213552449,0.199407,0.578776,0.1154119858319999,67.19471355604941,67.19471355604941,1.282355398133333,446.7254662745971,17394.66292482617,0.09,60.0,-54.08440453279949,8,A,9,3,2023-10-31 15:49:16,1
8,8,09-Rep_2-2023_10_31-15_50_12-rev-0,9232.97784,0.7111551229467051,0.168431479172523,1.871460879694701,0.1115049999999999,0.603045,0.067242532725,56.13793811529493,56.13793811529493,0.7471392525000001,392.8983966354356,42656.0953248079,0.09,60.0,-54.0837453892781,9,B,1,3,2023-10-31 15:50:12,1
9,9,10-Rep_2-2023_10_31-15_51_07-rev-1,9822.451494,0.8093864109917794,0.2763379742229284,3.0704219358103155,0.259936,0.639388,0.1661999591679999,74.30780531411429,74.30780531411429,1.8466662129777776,329.4829725688145,49949.02269207017,0.09,60.0,-54.08419486346559,10,B,2,3,2023-10-31 15:51:07,1
10,10,11-Rep_2-2023_10_31-15_52_02-rev-1,9685.659012,0.7722787461227405,0.3055064159061155,3.3945157322901727,0.2830479999999999,0.578777,0.1638216722959999,69.43475970690656,69.43475970690656,1.8202408032888888,383.5502673234664,11158.079973986223,0.09,60.0,-54.08407842014911,11,B,3,3,2023-10-31 15:52:02,1
11,11,12-Rep_2-2023_10_31-15_52_56-rev-1,55406.35987,0.8841529601041759,1.1385695990783,12.650773323092222,1.50454,0.627243,0.94371218322,93.74596262720512,70.94281513530133,10.485690924666669,110.78789705559412,-1285.3530527953642,0.09,60.0,-54.08392986223582,12,B,4,4,2023-10-31 15:52:56,1
12,12,13-Rep_2-2023_10_31-15_53_52-rev-1,43177.02547,0.8830403951696294,1.1148726844452153,12.387474271613502,1.48541,0.627243,0.93171302463,94.64034627526762,71.03219778292345,10.352366940333336,109.41883693280766,-1543.0938865648875,0.09,60.0,-54.08381859270409,13,B,5,4,2023-10-31 15:53:52,1
13,13,14-Rep_2-2023_10_31-15_54_47-rev-1,34145.68537,0.8750425028693001,1.1950189914907876,13.277988794342084,1.52686,0.615122,0.9392051769199998,89.81658168077334,70.29624252341912,10.435613076888888,116.4046277528905,-1334.9839306148583,0.09,60.0,-54.08421856374517,14,B,6,4,2023-10-31 15:54:47,1
14,14,15-Rep_2-2023_10_31-15_55_41-rev-1,22225.18775,0.8787952980883968,1.1495763906458003,12.77307100717556,1.48717,0.627242,0.93281548514,92.3358149137258,71.37521119701151,10.364616501555554,117.14463228960246,-1275.1610255942503,0.09,60.0,-54.08413824818725,15,B,7,4,2023-10-31 15:55:41,1
15,15,16-Rep_2-2023_10_31-15_56_36-rev-1,26849.39041,0.8545234306543372,1.497666169330036,16.64073521477818,1.54932,0.603047,0.93431277804,73.00511567632755,70.57114859193817,10.381253089333336,116.18312196040829,-414.66665049225327,0.09,60.0,-54.08404379980736,16,B,8,5,2023-10-31 15:56:36,1
16,16,18-Rep_2-2023_10_31-15_58_27-rev-1,50831.09055,0.8698628432866146,0.9012468677676926,10.013854086307695,1.46163,0.651474,0.95221394262,121.46187689937844,74.89387608953695,10.580154918,82.96860875979334,-7063.976398054253,0.09,60.0,-54.08415009799821,18,C,1,5,2023-10-31 15:58:27,1
17,17,19-Rep_2-2023_10_31-15_59_22-rev-8,3948564.26,0.808669237338502,0.9943973607098991,11.048859563443324,1.33821,0.590888,0.7907322304800001,98.33283397141092,73.06918239461349,8.785913672000001,106.78446490667096,-3298.7608031402915,0.09,60.0,-54.08379161448301,19,C,2,5,2023-10-31 15:59:22,1
18,18,20-Rep_2-2023_10_31-16_00_17-rev-0,36765.44615,0.6309682413937934,0.042072894538375,0.4674766059819448,0.0250637999999999,0.481776,0.0120751373088,45.48646489878627,45.48646489878627,0.13416819232,1803.1704584707293,61457.34037200553,0.09,60.0,-54.08414792856113,20,C,3,6,2023-10-31 16:00:17,1
19,19,21-Rep_2-2023_10_31-16_01_12-rev-0,33700.08879,0.6403692475083954,0.0523755718401513,0.5819507982239044,0.0326782,0.542392,0.0177243942544,52.84600438748311,52.84600438748311,0.1969377139377777,1251.550032900078,46417.34348832805,0.09,60.0,-54.083821702096536,21,C,4,6,2023-10-31 16:01:12,1
20,20,22-Rep_2-2023_10_31-16_02_07-rev-0,28921.21021,0.6715820955501349,0.0580627504737644,0.6451416719307163,0.0403225,0.554535,0.0223602375375,57.34290607551957,57.34290607551957,0.24844708375,1397.977082508884,41722.038686363165,0.09,60.0,-54.083480784631725,22,C,5,6,2023-10-31 16:02:07,1
21,21,24-Rep_2-2023_10_31-16_03_57-rev-0,210333.2791,0.4520067651746704,0.0657040669982027,0.7300451888689194,0.0354945999999999,0.27572,0.009786571112,32.9528793704894,32.9528793704894,0.1087396790222222,3464.1268545950425,3800.21865100732,0.09,60.0,-54.08394780075316,24,C,7,7,2023-10-31 16:03:57,1
22,22,26-Rep_2-2023_10_31-16_05_47-rev-0,8753.705907,0.35604428978856,0.1122000295250241,1.2466669947224902,0.0633745999999999,0.190874,0.0120965634003999,30.2806371978376,30.2806371978376,0.1344062600044444,2051.155809484332,2567.2478339012323,0.09,60.0,-54.08422967417658,26,C,9,7,2023-10-31 16:05:47,1
23,23,00-Rep_2-2023_11_01-09_02_08-rev-1,7215.482541,0.8737760779048381,1.1885203676938465,13.205781863264962,1.47241,0.615124,0.90571472884,87.2136878695956,70.39835669053329,10.063496987111112,108.23923451726812,-1430.5541037576693,0.09,60.0,-54.0837481305195,0,A,1,1,2023-11-01 09:02:08,2
24,24,01-Rep_2-2023_11_01-09_03_04-rev-9,6658.494803,0.866755111059641,1.1318242302420318,12.575824780467022,1.45009,0.615124,0.89198516116,90.9247742009142,70.96860372106576,9.910946235111112,117.82709130098571,-1530.1681725854903,0.09,60.0,-54.0835766901575,1,A,2,1,2023-11-01 09:03:04,2
25,25,03-Rep_2-2023_11_01-09_04_54-rev-9,2795746.256,0.8733127754293659,1.159757628649117,12.886195873879077,1.46018,0.615123,0.89819030214,88.68114878134682,70.43558932223034,9.979892246,107.42907650751124,-1614.167865387136,0.09,60.0,-54.08433150720194,3,A,4,1,2023-11-01 09:04:54,2
26,26,04-Rep_2-2023_11_01-09_05_48-rev-1,4474184.164,0.856473742190262,1.245197617123466,13.835529079149625,1.55106,0.615123,0.9540926803799998,89.46192321693664,71.82041546620503,10.601029781999998,105.29528521358156,-1311.9769967275392,0.09,60.0,-54.08431825896529,4,A,5,2,2023-11-01 09:05:48,2
27,27,05-Rep_2-2023_11_01-09_06_43-rev-9,121534.6049,0.8436643856243848,1.1061549278648513,12.29061030960946,1.42708,0.615124,0.87783115792,94.06440593743233,72.91098338170988,9.753679532444444,105.6817029185033,-4442.999269979458,0.09,60.0,-54.08357815569788,5,A,6,2,2023-11-01 09:06:43,2
28,28,06-Rep_2-2023_11_01-09_07_38-rev-1,379071.4827,0.853878290717201,1.1185371853524726,12.428190948360808,1.56634,0.615123,0.96349175982,100.87919455437788,72.03872105512104,10.705463998,94.83847971795944,-2223.1383163897167,0.09,60.0,-54.08363436118728,6,A,7,2,2023-11-01 09:07:38,2
29,29,07-Rep_2-2023_11_01-09_08_33-rev-1,184330.457,0.8625656713472368,1.1766526554886712,13.073918394318568,1.53857,0.627244,0.96505880108,95.08528805466372,72.7184051992599,10.722875567555556,87.56127814491973,-1483.417090168881,0.09,60.0,-54.08389711241451,7,A,8,2,2023-11-01 09:08:33,2
30,30,08-Rep_2-2023_11_01-09_09_28-rev-1,5838.076993,0.7545082157163723,0.1831453252680849,2.0349480585342774,0.191197,0.603046,0.115300586062,83.43950207583927,79.92570358262229,1.2811176229111112,464.395572346125,24809.453579245102,0.09,60.0,-54.08421863405148,8,A,9,3,2023-11-01 09:09:28,2
31,31,09-Rep_2-2023_11_01-09_10_24-rev-0,9232.97784,0.7286137538987141,0.1446833216718283,1.607592463020315,0.0992119,0.627243,0.0622299697917,59.03149121952856,59.03149121952856,0.6914441087966667,438.8192985074349,66933.77598287225,0.09,60.0,-54.08415534563233,9,B,1,3,2023-11-01 09:10:24,2
32,32,10-Rep_2-2023_11_01-09_11_19-rev-1,9822.451494,0.8136340116862094,0.2288898284856659,2.543220316507399,0.240713,0.651474,0.156818260962,84.20561361582472,80.0696616221657,1.7424251217999998,336.9384897996426,85938.29195042455,0.09,60.0,-54.08364482876277,10,B,2,3,2023-11-01 09:11:19,2
33,33,11-Rep_2-2023_11_01-09_12_14-rev-1,9685.659012,0.7899831625928263,0.2347937719754881,2.6088196886165345,0.26764,0.603047,0.1613994990799999,87.01573134373314,76.33669026827384,1.7933277675555552,377.7332240173045,17268.692779691315,0.09,60.0,-54.08349105446142,11,B,3,3,2023-11-01 09:12:14,2
34,34,12-Rep_2-2023_11_01-09_13_09-rev-1,55406.35987,0.8716920053241792,1.1895044484917106,13.21671609435234,1.4800600000000002,0.615122,0.91041746732,87.80342319478544,70.56643817345075,10.11574963688889,102.73544404972952,-1812.5332237413213,0.09,60.0,-54.08362546019352,12,B,4,4,2023-11-01 09:13:09,2
35,35,13-Rep_2-2023_11_01-09_14_04-rev-9,43177.02547,0.8706395042763493,1.136890078754693,12.632111986163256,1.44286,0.615123,0.88753637178,89.66631340798924,70.65185957892787,9.861515242,103.2903466472211,-2354.7730774781994,0.09,60.0,-54.08409878606948,13,B,5,4,2023-11-01 09:14:04,2
36,36,14-Rep_2-2023_11_01-09_14_59-rev-1,34145.68537,0.8640694105159697,1.1890121738789388,13.211246376432651,1.46614,0.615124,0.90185790136,87.7815373794108,71.18918833530807,10.020643348444445,114.65127628672354,-1973.8974004256445,0.09,60.0,-54.08376509903425,14,B,6,4,2023-11-01 09:14:59,2
37,37,15-Rep_2-2023_11_01-09_15_54-rev-1,22225.18775,0.8667781408927503,1.1937308743186332,13.263676381318149,1.46487,0.615122,0.90107376414,87.08552372231657,70.96648738354736,10.011930712666668,114.10833337897058,-1473.4028709591507,0.09,60.0,-54.08432697509798,15,B,7,4,2023-11-01 09:15:54,2
38,38,16-Rep_2-2023_11_01-09_16_49-rev-1,26849.39041,0.8520053833467569,1.4925146775178777,16.58349641686531,1.57081,0.59089,0.9281759209,72.99100577770193,69.3528481802461,10.31306578777778,113.7449374590054,-528.1196314840628,0.09,60.0,-54.08351881746128,16,B,8,5,2023-11-01 09:16:49,2
39,39,18-Rep_2-2023_11_01-09_18_39-rev-1,50831.09055,0.8632218539595704,0.8700001978321065,9.666668864801183,1.4106800000000002,0.651475,0.919022753,122.37268402117807,75.47016992349134,10.211363922222224,70.43695116858139,-7482.025199519531,0.09,60.0,-54.08422766551903,18,C,1,5,2023-11-01 09:18:39,2
40,40,19-Rep_2-2023_11_01-09_19_34-rev-8,3948564.26,0.8160143731712607,1.0084919566631672,11.2054661851463,1.3462,0.590889,0.7954547718,96.65965577965156,72.41159217620636,8.838386353333334,108.690552248956,-2822.9648147378525,0.09,60.0,-54.08373067270061,19,C,2,5,2023-11-01 09:19:34,2
41,41,20-Rep_2-2023_11_01-09_20_29-rev-0,36765.44615,0.6517384562693225,0.0420260579531177,0.4669561994790858,0.028953,0.445421,0.012896274213,47.083881313779386,47.083881313779386,0.1432919357,1749.1502408939857,122659.89728086628,0.09,60.0,-54.08380573033365,20,C,3,6,2023-11-01 09:20:29,2
42,42,21-Rep_2-2023_11_01-09_21_24-rev-0,33700.08879,0.6671618976457367,0.0540600951684315,0.6006677240936836,0.0359863,0.554536,0.0199556988568,55.32977451679722,55.32977451679722,0.2217299872977778,1266.4066198646035,116143.86253779828,0.09,60.0,-54.083815743076336,21,C,4,6,2023-11-01 09:21:24,2
43,43,22-Rep_2-2023_11_01-09_22_19-rev-0,28921.21021,0.6969171289195012,0.0584417925946453,0.6493532510516148,0.0416636,0.578777,0.0241139334172,59.205682242005054,59.205682242005054,0.2679325935244445,1358.1240323882794,138778.31840864476,0.09,60.0,-54.083684205761934,22,C,5,6,2023-11-01 09:22:19,2
44,44,24-Rep_2-2023_11_01-09_24_09-rev-0,210333.2791,0.460507630140086,0.0859109033847412,0.9545655931637914,0.0454932,0.275723,0.0125435215836,31.7054823874578,31.7054823874578,0.13937246204,2764.494380684008,2609.6852514743555,0.09,60.0,-54.08383457986069,24,C,7,7,2023-11-01 09:24:09,2
45,45,26-Rep_2-2023_11_01-09_25_59-rev-0,8753.705907,0.3659178121907475,0.127177742514178,1.413086027935311,0.0702739,0.203029,0.0142676396430999,30.658963578105496,30.658963578105496,0.1585293293677777,1850.3968933795245,2155.436819984317,0.09,60.0,-54.083844778576704,26,C,9,7,2023-11-01 09:25:59,2
46,46,00-Rep_2-2023_11_02-10_45_22-rev-1,7215.482541,0.8851407148261213,1.076967394756062,11.966304386178468,1.45636,0.639404,0.93120240944,97.68530073570764,72.23755379116253,10.346693438222225,114.59982358328864,-1529.4669632290486,0.09,60.0,-54.08411909127879,0,A,1,1,2023-11-02 10:45:22,3
47,47,01-Rep_2-2023_11_02-10_46_17-rev-1,6658.494803,0.8724697849158175,1.145732717328119,12.730363525867991,1.51522,0.615137,0.93206788514,93.24248383865948,70.50524965278346,10.35630983488889,121.96783250536367,-1263.7978446964485,0.09,60.0,-54.083709972590064,1,A,2,1,2023-11-02 10:46:17,3
48,48,03-Rep_2-2023_11_02-10_48_07-rev-1,2795746.256,0.8663876593388389,1.1439234897365358,12.71026099707262,1.5038,0.603063,0.9068861394,91.50472677891752,69.60660086735444,10.07651266,122.02630946941557,-1278.65167916467,0.09,60.0,-54.08401214530651,3,A,4,1,2023-11-02 10:48:07,3
49,49,04-Rep_2-2023_11_02-10_49_02-rev-1,4474184.164,0.8642410107801434,1.1058547721489378,12.287275246099307,1.58764,0.627257,0.99585830348,104.19924721942668,72.5789440880363,11.065092260888887,100.59640909381518,-2035.396800454242,0.09,60.0,-54.08445312229593,4,A,5,2,2023-11-02 10:49:02,3
50,50,05-Rep_2-2023_11_02-10_49_57-rev-1,121534.6049,0.8633298304310576,0.9596645820209092,10.662939800232325,1.51949,0.639404,0.97156798396,117.26731489089823,74.06253988475619,10.795199821777778,76.57588781548091,-6200.787317875569,0.09,60.0,-54.08349136636596,5,A,6,2,2023-11-02 10:49:57,3
51,51,06-Rep_2-2023_11_02-10_50_52-rev-1,379071.4827,0.8361312972551197,0.9831955409829112,10.924394899810126,1.57806,0.627257,0.98984918142,120.40780743461642,75.01895958914355,10.998324238,81.14572439263083,-3477.8229246952046,0.09,60.0,-54.08377636187008,6,A,7,2,2023-11-02 10:50:52,3
52,52,07-Rep_2-2023_11_02-10_51_47-rev-1,184330.457,0.8311286672345497,1.0205531287777052,11.339479208641167,1.55236,0.615137,0.95491407332,112.57978455443993,74.01224674956428,10.610156370222224,82.16953751344849,-3272.3406017770003,0.09,60.0,-54.08410524170434,7,A,8,2,2023-11-02 10:51:47,3
53,53,08-Rep_2-2023_11_02-10_52_42-rev-0,5838.076993,0.7542563819352696,0.1568609565218813,1.742899516909793,0.119194,0.639402,0.076212881988,64.41611555437031,64.41611555437031,0.8468097998666667,539.9411409323052,30140.88214089324,0.09,60.0,-54.08406935459947,8,A,9,3,2023-11-02 10:52:42,3
54,54,09-Rep_2-2023_11_02-10_53_37-rev-0,9232.97784,0.7342969251179496,0.128209950948668,1.424555010540756,0.0898838,0.60306,0.054205324428,57.57692998300771,57.57692998300771,0.6022813825333334,442.4251607898893,67456.75207864252,0.09,60.0,-54.08365858299744,9,B,1,3,2023-11-02 10:53:37,3
55,55,10-Rep_2-2023_11_02-10_54_32-rev-1,9822.451494,0.8126644605956147,0.195687717406829,2.1743079711869897,0.202224,0.675753,0.136653474672,85.93020420329108,83.15276879522084,1.5183719408,342.421149092756,119509.4501746394,0.09,60.0,-54.084208838595735,10,B,2,3,2023-11-02 10:54:32,3
56,56,11-Rep_2-2023_11_02-10_55_27-rev-1,9685.659012,0.7893797197848679,0.2053085950738724,2.2812066119319163,0.214532,0.627256,0.1345664841919999,83.03167710419787,79.46188434774433,1.4951831576888888,393.3339919621424,19940.761981610514,0.09,60.0,-54.08387870008273,11,B,3,3,2023-11-02 10:55:27,3
57,57,12-Rep_2-2023_11_02-10_56_22-rev-1,55406.35987,0.8702209945457884,1.3047670902489874,14.49741211387764,1.48723,0.615137,0.91485020051,80.5726108913834,70.68744650559374,10.16500222788889,103.35722175510251,-1077.1116847812314,0.09,60.0,-54.08392279538017,12,B,4,4,2023-11-02 10:56:22,3
58,58,13-Rep_2-2023_11_02-10_57_17-rev-9,43177.02547,0.871293047662756,1.218166181655162,13.535179796168466,1.45292,0.615136,0.89374339712,84.20581023835456,70.60035675139412,9.930482190222222,108.3881011178918,-1241.0933378388845,0.09,60.0,-54.08377264390146,13,B,5,4,2023-11-02 10:57:17,3
59,59,14-Rep_2-2023_11_02-10_58_12-rev-1,34145.68537,0.8670893430717366,1.2883537986250495,14.315042206944996,1.51472,0.603063,0.91347158736,81.77038691706234,69.55027239333826,10.149684304,118.95666355909542,-1147.7196813847113,0.09,60.0,-54.08375625052316,14,B,6,4,2023-11-02 10:58:12,3
60,60,15-Rep_2-2023_11_02-10_59_07-rev-1,22225.18775,0.8644799888327545,1.3003042519391246,14.44782502154583,1.50168,0.603062,0.90560614416,80.56370547602619,69.76008788986215,10.062290490666667,117.13943830773655,-1103.280659395007,0.09,60.0,-54.0834386945359,15,B,7,4,2023-11-02 10:59:07,3
61,61,16-Rep_2-2023_11_02-11_00_02-rev-1,26849.39041,0.8508987031003028,1.5959829292342955,17.73314365815884,1.5806,0.590902,0.9339797012,68.77511638622998,68.77511638622998,10.377552235555555,117.89041659015616,-533.2017340993955,0.09,60.0,-54.0838157504076,16,B,8,5,2023-11-02 11:00:02,3
62,62,18-Rep_2-2023_11_02-11_01_52-rev-1,50831.09055,0.8638468150225656,0.8774954734117228,9.749949704574698,1.41226,0.651488,0.92007044288,121.37785493615353,75.41707495708965,10.223004920888888,82.16756078210058,-5560.037582976153,0.09,60.0,-54.08403003670784,18,C,1,5,2023-11-02 11:01:52,3
63,63,19-Rep_2-2023_11_02-11_02_47-rev-9,3948564.26,0.8173852251589084,1.0658615262915665,11.84290584768407,1.37502,0.590903,0.8125034430599999,93.26047878342276,72.29186212475544,9.027816034,110.54987207659886,-1878.0782443206624,0.09,60.0,-54.08387201673419,19,C,2,5,2023-11-02 11:02:47,3
64,64,20-Rep_2-2023_11_02-11_03_42-rev-0,36765.44615,0.6870019504046109,0.0435506652303405,0.4838962803371169,0.0307262,0.506058,0.0155492393195999,51.97043891521006,51.97043891521006,0.1727693257733333,1577.0107367352189,156360.03010295407,0.09,60.0,-54.08406326609578,20,C,3,6,2023-11-02 11:03:42,3
65,65,21-Rep_2-2023_11_02-11_04_37-rev-0,33700.08879,0.6897258464053042,0.0568458751370988,0.6316208348566541,0.0395029999999999,0.55455,0.0219063886499999,55.872143201011184,55.872143201011184,0.2434043183333333,1220.4645865825516,132986.04754536215,0.09,60.0,-54.08386787816513,21,C,4,6,2023-11-02 11:04:37,3
66,66,22-Rep_2-2023_11_02-11_05_32-rev-0,28921.21021,0.729743154711724,0.0621501842983139,0.6905576033145999,0.047341,0.590901,0.027973844241,61.67933770610713,61.67933770610713,0.3108204915666667,1244.5649884278912,245266.84546386907,0.09,60.0,-54.0841218959533,22,C,5,6,2023-11-02 11:05:32,3
67,67,24-Rep_2-2023_11_02-11_07_22-rev-0,210333.2791,0.4515886846465792,0.0870899593501223,0.9676662150013596,0.0439137,0.275735,0.0121085440695,30.78795105921824,30.78795105921824,0.13453937855,2764.876003633234,2393.5735436835894,0.09,60.0,-54.08442691533487,24,C,7,7,2023-11-02 11:07:22,3
68,68,26-Rep_2-2023_11_02-11_09_12-rev-0,8753.705907,0.3874812387250294,0.1424633764210593,1.582926404678437,0.073716,0.22724,0.01675122384,30.3453834365648,30.3453834365648,0.1861247093333333,1709.7860554732326,1927.7886633275225,0.09,60.0,-54.08398155848858,26,C,9,7,2023-11-02 11:09:12,3
69,69,00-Rep_2-2023_11_03-09_32_12-rev-9,7215.482541,0.8539779285652473,1.3935886680973717,15.48431853441524,1.46045,0.590902,0.8629828259000001,72.51383940814533,69.19405996742371,9.588698065555556,111.82490949548038,-1802.9149808512068,0.09,60.0,-54.0837204836652,0,A,1,1,2023-11-03 09:32:12,4
70,70,01-Rep_2-2023_11_03-09_33_07-rev-9,6658.494803,0.8530992634911362,1.349314166766424,14.992379630738045,1.46075,0.590903,0.8631615572499999,74.98587139976833,69.26544486533125,9.590683969444443,116.04368016749838,-1488.1341144840887,0.09,60.0,-54.083702073794,1,A,2,1,2023-11-03 09:33:07,4
71,71,03-Rep_2-2023_11_03-09_34_57-rev-9,2795746.256,0.8609872457195151,1.2858824067646997,14.287582297385551,1.4286800000000002,0.603061,0.86158118948,77.8212560577866,70.04296556054442,9.573124327555556,109.050392702469,-1552.2781780185687,0.09,60.0,-54.08361875612554,3,A,4,1,2023-11-03 09:34:57,4
72,72,04-Rep_2-2023_11_03-09_35_52-rev-1,4474184.164,0.8531338932744711,1.2829684600096822,14.255205111218691,1.54407,0.615136,0.94981304352,86.7770642432499,72.10310185180956,10.553478261333334,106.56714569443967,-1146.0176977347203,0.09,60.0,-54.08401267365338,4,A,5,2,2023-11-03 09:35:52,4
73,73,05-Rep_2-2023_11_03-09_36_47-rev-1,121534.6049,0.84773868929331,1.1322915719359448,12.58101746595494,1.52187,0.627256,0.95460208872,99.449384946713,73.99166841410668,10.606689874666667,74.90755622540313,-2330.249106647472,0.09,60.0,-54.08326163503278,5,A,6,2,2023-11-03 09:36:47,4
74,74,06-Rep_2-2023_11_03-09_37_42-rev-1,379071.4827,0.8570149528408582,1.14522684231606,12.724742692400666,1.52761,0.615137,0.93968943257,95.74242536765678,71.77669397259943,10.440993695222224,110.56818871247332,-2009.3650841660424,0.09,60.0,-54.08355168984416,6,A,7,2,2023-11-03 09:37:42,4
75,75,07-Rep_2-2023_11_03-09_38_37-rev-1,184330.457,0.87429534944904,1.1886213364584302,13.206903738427002,1.55759,0.627257,0.97700923063,94.01496241320912,71.74429103337702,10.85565811811111,101.35278000494782,-1561.0143431594513,0.09,60.0,-54.08380472190262,7,A,8,2,2023-11-03 09:38:37,4
76,76,08-Rep_2-2023_11_03-09_39_32-rev-1,5838.076993,0.7672861080885625,0.1493957031344879,1.6599522570498662,0.146389,0.627256,0.091823378584,80.10466830055623,80.10466830055623,1.0202597620444445,520.0054749487452,34328.280630916066,0.09,60.0,-54.08363233699678,8,A,9,3,2023-11-03 09:39:32,4
77,77,09-Rep_2-2023_11_03-09_40_28-rev-0,9232.97784,0.7513425197568891,0.1173149358445239,1.3034992871613773,0.0998229,0.651489,0.0650335212981,73.78124774105285,73.78124774105285,0.72259468109,435.50196604770673,108613.02811392555,0.09,60.0,-54.08360747172613,9,B,1,3,2023-11-03 09:40:28,4
78,78,10-Rep_2-2023_11_03-09_41_23-rev-1,9822.451494,0.8213510092652632,0.1701234789535362,1.8902608772615133,0.23374,0.663638,0.1551187461199999,111.01233437487132,80.79834230600814,1.7235416235555554,321.2091152215878,445437.2995123832,0.09,60.0,-54.083366368657565,10,B,2,3,2023-11-03 09:41:23,4
79,79,11-Rep_2-2023_11_03-09_42_18-rev-1,9685.659012,0.79176136110245,0.1811019631171632,2.012244034635148,0.234663,0.615134,0.144349189842,100.66926293740715,77.69184380802395,1.603879887133333,402.6658281733495,31934.538628491075,0.09,60.0,-54.08367761285904,11,B,3,3,2023-11-03 09:42:18,4
80,80,12-Rep_2-2023_11_03-09_43_13-rev-9,55406.35987,0.8602207014460158,1.3797893857210035,15.330993174677817,1.46762,0.60306,0.8850629172000001,74.56782149936859,70.10526472872215,9.834032413333334,101.97827673501504,-1518.288320888498,0.09,60.0,-54.08357075195288,12,B,4,4,2023-11-03 09:43:13,4
81,81,13-Rep_2-2023_11_03-09_44_07-rev-9,43177.02547,0.8617440039635358,1.2828190514761824,14.253545016402027,1.42598,0.60306,0.8599514988000001,77.7911669428952,69.98133984411434,9.555016653333334,107.07324221091356,-1825.9636726706733,0.09,60.0,-54.08350264574473,13,B,5,4,2023-11-03 09:44:07,4
82,82,14-Rep_2-2023_11_03-09_45_02-rev-9,34145.68537,0.8600616494840221,1.3229249948055368,14.69916660895041,1.46349,0.603059,0.88257081591,77.56838651026185,70.11811308663675,9.806342399,106.62408045447728,-1535.4103076966703,0.09,60.0,-54.0831988170533,14,B,6,4,2023-11-03 09:45:02,4
83,83,15-Rep_2-2023_11_03-09_45_57-rev-9,22225.18775,0.8564506042875214,1.3059640322378692,14.510711469309658,1.44541,0.60306,0.8716689546,77.93239842218388,70.41386823489766,9.685210606666669,104.36904010740687,-1361.442715851672,0.09,60.0,-54.08353801136504,15,B,7,4,2023-11-03 09:45:57,4
84,84,16-Rep_2-2023_11_03-09_46_52-rev-1,26849.39041,0.8521381329369924,1.5902684952262651,17.669649946958504,1.56677,0.590902,0.92580752654,68.31880348092753,68.31880348092753,10.28675029488889,115.36879088269568,-584.7987804863202,0.09,60.0,-54.08358411440506,16,B,8,5,2023-11-03 09:46:52,4
85,85,18-Rep_2-2023_11_03-09_48_43-rev-1,50831.09055,0.873137645488071,0.9239948468305512,10.266609409228348,1.4617,0.639401,0.9346124417,115.84553396026682,73.23026367080809,10.384582685555555,98.42300091892724,-3607.5266896824537,0.09,60.0,-54.08359414744681,18,C,1,5,2023-11-03 09:48:43,4
86,86,19-Rep_2-2023_11_03-09_49_38-rev-8,3948564.26,0.8140713911648081,1.1261360612797449,12.512622903108277,1.39566,0.578788,0.8077912600799999,88.11417749207192,71.09794132082757,8.975458445333333,115.3509670705622,-1532.3609075384106,0.09,60.0,-54.08358896539274,19,C,2,5,2023-11-03 09:49:38,4
87,87,20-Rep_2-2023_11_03-09_50_33-rev-0,36765.44615,0.7219445781795285,0.037425502413426,0.4158389157047333,0.0266582,0.578788,0.0154294462616,57.105618786934606,57.105618786934606,0.1714382917955556,1520.6825551528823,271041.06072637025,0.09,60.0,-54.083342835283446,20,C,3,6,2023-11-03 09:50:33,4
88,88,21-Rep_2-2023_11_03-09_51_28-rev-0,33700.08879,0.7106795421879576,0.0486760569080176,0.5408450767557519,0.0355393,0.566641,0.0201380244912999,58.21402936471832,58.21402936471832,0.2237558276811111,1248.6288598082251,186014.62214949328,0.09,60.0,-54.08340613804349,21,C,4,6,2023-11-03 09:51:28,4
89,89,22-Rep_2-2023_11_03-09_52_23-rev-0,28921.21021,0.7550878276153863,0.0539449056185135,0.5993878402057061,0.0418127,0.627253,0.0262271415130999,64.38772087421174,64.38772087421174,0.2914126834788888,1360.372197545212,395237.7414863662,0.09,60.0,-54.08355299596995,22,C,5,6,2023-11-03 09:52:23,4
90,90,24-Rep_2-2023_11_03-09_54_13-rev-0,210333.2791,0.5244798185166997,0.1087350049384244,1.2081667215380498,0.0606626,0.324242,0.0196693627492,34.48991544571022,34.48991544571022,0.2185484749911111,1937.9015960460565,2747.3589905255208,0.09,60.0,-54.08357551289546,24,C,7,7,2023-11-03 09:54:13,4
91,91,26-Rep_2-2023_11_03-09_56_03-rev-0,8753.705907,0.4280210976778499,0.159960282072505,1.777336467472278,0.0841915999999999,0.251503,0.0211744399747999,30.92677217793993,30.92677217793993,0.2352715552755555,1730.9217091060875,2077.3328286474825,0.09,60.0,-54.08362268530723,26,C,9,7,2023-11-03 09:56:03,4
92,92,00-Rep_2-2023_11_06-09_40_57-rev-9,7215.482541,0.8400183370608469,1.4323707157743546,15.915230175270608,1.44316,0.578789,0.83528513324,69.4209498699769,68.901948262836,9.280945924888888,110.05336860786852,-2619.585639327111,0.09,60.0,-54.08423696189414,0,A,1,1,2023-11-06 09:40:57,5
93,93,01-Rep_2-2023_11_06-09_41_52-rev-9,6658.494803,0.8408525066489482,1.4102180316064097,15.66908924007122,1.44085,0.578788,0.8339466898,70.32863730238694,68.83347500581824,9.266074331111112,114.49564077158186,-2115.3535401518584,0.09,60.0,-54.083810487609696,1,A,2,1,2023-11-06 09:41:52,5
94,94,03-Rep_2-2023_11_06-09_43_42-rev-9,2795746.256,0.8491964316650239,1.4028578416970998,15.58730935219,1.43047,0.5909,0.845264723,70.95302558845096,69.58342945947373,9.391830255555556,107.16500993663252,-2142.639529402634,0.09,60.0,-54.08416423355589,3,A,4,1,2023-11-06 09:43:42,5
95,95,04-Rep_2-2023_11_06-09_44_37-rev-1,4474184.164,0.8643613256247322,1.406093000727179,15.623255563635324,1.53247,0.615134,0.94267440098,77.56259671332391,71.16630299896876,10.47416001088889,114.54617940429962,-741.8075671188698,0.09,60.0,-54.08390375027167,4,A,5,2,2023-11-06 09:44:37,5
96,96,05-Rep_2-2023_11_06-09_45_32-rev-1,121534.6049,0.8710698631218478,1.209029697945636,13.433663310507068,1.54459,0.627256,0.96885334504,91.99581808786532,72.00983830986443,10.765037167111112,96.73027486611008,-1847.1200422320376,0.09,60.0,-54.08407260097119,5,A,6,2,2023-11-06 09:45:32,5
97,97,06-Rep_2-2023_11_06-09_46_27-rev-1,379071.4827,0.8738748199215982,1.194122754731197,13.26803060812441,1.55388,0.627254,0.97467744552,93.4034067152323,71.77847280875716,10.829749394666669,108.2407601804336,-1931.014465544338,0.09,60.0,-54.08400625424956,6,A,7,2,2023-11-06 09:46:27,5
98,98,07-Rep_2-2023_11_06-09_47_22-rev-1,184330.457,0.8755688669477707,1.2107266871892883,13.452518746547648,1.5553400000000002,0.627256,0.9755963470400002,92.0309148857127,71.63982453905788,10.839959411555558,111.02396374082554,-1715.015191295988,0.09,60.0,-54.08389157585084,7,A,8,2,2023-11-06 09:47:22,5
99,99,08-Rep_2-2023_11_06-09_48_17-rev-1,5838.076993,0.7804553327233155,0.1233033289430924,1.3700369882565828,0.1491309999999999,0.639401,0.095354510531,99.0873895105238,81.92666167951964,1.0594945614555555,501.7911423042988,44380.80257190763,0.09,60.0,-54.08467580964848,8,A,9,3,2023-11-06 09:48:17,5
100,100,09-Rep_2-2023_11_06-09_49_12-rev-0,9232.97784,0.767632802207822,0.0999849703089166,1.1109441145435182,0.0944137999999999,0.663638,0.0626565854044,81.63539094599102,81.63539094599102,0.6961842822711112,493.4435794586947,119091.99884180789,0.09,60.0,-54.08413202513661,9,B,1,3,2023-11-06 09:49:12,5
101,101,10-Rep_2-2023_11_06-09_50_07-rev-1,9822.451494,0.8266081934768383,0.1500747902208148,1.6674976691201644,0.234321,0.663636,0.155503851156,125.35270161685249,80.28422718732645,1.7278205684000003,334.6816689717681,1155637.7959716574,0.09,60.0,-54.08436456145856,10,B,2,3,2023-11-06 09:50:07,5
102,102,11-Rep_2-2023_11_06-09_51_02-rev-1,9685.659012,0.8154840673561836,0.1580220011418884,1.7558000126876496,0.263885,0.627255,0.165523185675,128.4475421925801,76.9181183433263,1.8391465075,340.3675609723984,2654433228.5403013,0.09,60.0,-54.08426998146539,11,B,3,3,2023-11-06 09:51:02,5
103,103,12-Rep_2-2023_11_06-09_51_57-rev-9,55406.35987,0.8506121565577698,1.4992294492038885,16.658104991154318,1.44506,0.60306,0.8714578836,68.33555303601605,68.33555303601605,9.682865373333334,101.974213895001,-2230.083342230704,0.09,60.0,-54.08372045307864,12,B,4,4,2023-11-06 09:51:57,5
104,104,13-Rep_2-2023_11_06-09_52_52-rev-9,43177.02547,0.8510275287650981,1.4253849705475032,15.837610783861148,1.44365,0.5909,0.853052785,70.32344231869571,69.43371160477477,9.47836427777778,106.09042819718664,-2176.148976300964,0.09,60.0,-54.08405375524612,13,B,5,4,2023-11-06 09:52:52,5
105,105,14-Rep_2-2023_11_06-09_53_47-rev-9,34145.68537,0.8503082347313208,1.444468096800124,16.049645520001377,1.47438,0.590902,0.87121409076,70.93172991044877,69.4926822844086,9.680156564,106.53110594428654,-1731.8536778829068,0.09,60.0,-54.08398815830911,14,B,6,4,2023-11-06 09:53:47,5
106,106,15-Rep_2-2023_11_06-09_54_42-rev-9,22225.18775,0.8453711305309836,1.426531156900436,15.850346187782623,1.45243,0.590903,0.8582452442899999,71.16766738684179,69.8986490855028,9.536058269888889,103.98387811267516,-1546.5399453203872,0.09,60.0,-54.084106582025335,15,B,7,4,2023-11-06 09:54:42,5
107,107,16-Rep_2-2023_11_06-09_55_37-rev-1,26849.39041,0.8495738319928883,1.6480535951342992,18.311706612603324,1.54613,0.590901,0.91360976313,65.25116558173468,65.25116558173468,10.151219590333334,112.60715115353634,-864.5438494293461,0.09,60.0,-54.08388170304785,16,B,8,5,2023-11-06 09:55:37,5
108,108,18-Rep_2-2023_11_06-09_57_27-rev-1,50831.09055,0.8741607425319313,0.9582215840886422,10.646906489873803,1.44388,0.639403,0.92322120364,110.2169838721566,73.14478549425868,10.25801337377778,102.8403975577696,-2738.47451814997,0.09,60.0,-54.08393526404921,18,C,1,5,2023-11-06 09:57:27,5
109,109,19-Rep_2-2023_11_06-09_58_22-rev-8,3948564.26,0.8129641870853845,1.1750865145336904,13.056516828152116,1.37515,0.578789,0.79592169335,83.3161292830094,71.1948950758898,8.843574370555556,120.0684302370492,-1400.6606220157355,0.09,60.0,-54.083797839229454,19,C,2,5,2023-11-06 09:58:22,5
110,110,20-Rep_2-2023_11_06-09_59_17-rev-0,36765.44615,0.7496317555128341,0.0320328273670485,0.3559203040783176,0.0256448999999999,0.651485,0.0167072676765,69.576436531818,69.576436531818,0.1856363075166666,1606.917455172137,296455.5770412272,0.09,60.0,-54.08366644752558,20,C,3,6,2023-11-06 09:59:17,5
111,111,21-Rep_2-2023_11_06-10_00_12-rev-0,33700.08879,0.7293403539832889,0.0406148011274836,0.4512755680831513,0.0302792,0.5909,0.0178919792799999,60.40095593605636,60.40095593605636,0.1987997697777777,1569.0409802982367,215567.55576627547,0.09,60.0,-54.083608428137154,21,C,4,6,2023-11-06 10:00:12,5
112,112,22-Rep_2-2023_11_06-10_01_07-rev-0,28921.21021,0.7824650875471598,0.0452460773836694,0.502734193151883,0.0387877,0.663639,0.0257410304403,72.70763614327242,72.70763614327242,0.2860114493366666,1521.774394075188,490623.8350781579,0.09,60.0,-54.08378608179558,22,C,5,6,2023-11-06 10:01:07,5
113,113,24-Rep_2-2023_11_06-10_02_57-rev-0,210333.2791,0.6117955214081677,0.1486675034079016,1.6518611489766848,0.0950992,0.421201,0.0400558781392,44.039655736275535,44.039655736275535,0.4450653126577778,1094.8462954819304,3869.659760740608,0.09,60.0,-54.08445584117492,24,C,7,7,2023-11-06 10:02:57,5
114,114,26-Rep_2-2023_11_06-10_04_47-rev-0,8753.705907,0.5503839407421592,0.2194378836357213,2.4381987070635707,0.122622,0.348505,0.04273438011,35.38343968173493,35.38343968173493,0.4748264456666666,1020.1427596271744,2739.973336867322,0.09,60.0,-54.0837105748242,26,C,9,7,2023-11-06 10:04:47,5
115,115,00-Rep_2-2023_11_07-09_25_13-rev-9,7215.482541,0.8337551418563497,1.4542269428515362,16.15807714279485,1.45358,0.566641,0.82365802478,67.93228486748689,67.93228486748689,9.15175583088889,106.0028662942736,-3057.8079196114986,0.09,60.0,-54.08411703108425,0,A,1,1,2023-11-07 09:25:13,6
116,116,01-Rep_2-2023_11_07-09_26_08-rev-9,6658.494803,0.8363618454945446,1.4322287467822812,15.913652742025349,1.41966,0.578787,0.82168075242,68.5956404499372,68.5956404499372,9.129786138,110.99504443265164,-2472.2898089291416,0.09,60.0,-54.084211663580575,1,A,2,1,2023-11-07 09:26:08,6
117,117,03-Rep_2-2023_11_07-09_27_58-rev-9,2795746.256,0.846783215961581,1.4523498982459848,16.137221091622052,1.42507,0.5909,0.8420738630000001,68.47100267407139,68.47100267407139,9.356376255555556,103.97726364020858,-2576.44433692128,0.09,60.0,-54.08443526733283,3,A,4,1,2023-11-07 09:27:58,6
118,118,04-Rep_2-2023_11_07-09_28_53-rev-1,4474184.164,0.8571230769170037,1.6178756155584049,17.97639572842672,1.53767,0.603059,0.92730573253,66.87050871247865,66.87050871247865,10.303397028111114,110.3476636930961,-737.1074714827956,0.09,60.0,-54.08465027080111,4,A,5,2,2023-11-07 09:28:53,6
119,119,05-Rep_2-2023_11_07-09_29_48-rev-1,121534.6049,0.8626508271892169,1.4185570232547902,15.761744702831002,1.54284,0.615132,0.94905025488,77.55456545047879,71.30718253691245,10.545002832000002,99.9391248259894,-645.904187875491,0.09,60.0,-54.08436651930259,5,A,6,2,2023-11-07 09:29:48,6
120,120,06-Rep_2-2023_11_07-09_30_43-rev-1,379071.4827,0.8670469774358917,1.3987169733841065,15.54129970426785,1.5544300000000002,0.615133,0.95618118919,78.84383165309968,70.94575219201225,10.624235435444444,114.80630013728624,-654.9260354003283,0.09,60.0,-54.08444902923011,6,A,7,2,2023-11-07 09:30:43,6
121,121,07-Rep_2-2023_11_07-09_31_38-rev-1,184330.457,0.8689197004399505,1.4154911773850072,15.727679748722302,1.55497,0.615134,0.9565149159799998,77.76871736905471,70.7929627661274,10.627943510888889,106.8873588899585,-627.0675560025236,0.09,60.0,-54.08401574781066,7,A,8,2,2023-11-07 09:31:38,6
122,122,08-Rep_2-2023_11_07-09_32_33-rev-1,5838.076993,0.7789167827247833,0.1239652783488162,1.3773919816535138,0.164554,0.627254,0.1032171547159999,106.89582954553828,80.52901335695438,1.146857274622222,494.2255017704746,50714.06944767105,0.09,60.0,-54.08444182837036,8,A,9,3,2023-11-07 09:32:33,6
123,123,09-Rep_2-2023_11_07-09_33_28-rev-0,9232.97784,0.7631247075088601,0.1095060594017729,1.2167339933530328,0.102684,0.663636,0.068144799024,81.5453214660075,81.5453214660075,0.7571644336000001,437.2654224768051,101976.54199800023,0.09,60.0,-54.08429438247629,9,B,1,3,2023-11-07 09:33:28,6
124,124,10-Rep_2-2023_11_07-09_34_23-rev-1,9822.451494,0.821860529500517,0.161686691268922,1.796518791876912,0.245273,0.651485,0.159791680405,120.24908114638792,79.26953255632532,1.775463115611111,319.0547117216589,2232425.473773341,0.09,60.0,-54.08393443356361,10,B,2,3,2023-11-07 09:34:23,6
125,125,11-Rep_2-2023_11_07-09_35_18-rev-1,9685.659012,0.8167872886590756,0.1611173792467585,1.790193102741762,0.273749,0.627254,0.171710155246,130.48020234151429,76.79526955295381,1.907890613844444,333.17989558802645,-115284.67522734926,0.09,60.0,-54.08424308023218,11,B,3,3,2023-11-07 09:35:18,6
126,126,12-Rep_2-2023_11_07-09_36_13-rev-9,55406.35987,0.8493566242666916,1.530414800086748,17.004608889852754,1.46994,0.590899,0.8685860760599999,66.82110111079135,66.82110111079135,9.650956400666669,100.46293190716288,-2886.6980102978528,0.09,60.0,-54.08426229912756,12,B,4,4,2023-11-07 09:36:13,6
127,127,13-Rep_2-2023_11_07-09_37_08-rev-9,43177.02547,0.8497258701372422,1.4708333790439372,16.34259310048819,1.44272,0.590901,0.85250469072,68.21100674325193,68.21100674325193,9.472274341333334,104.89929455851474,-2731.4052740406,0.09,60.0,-54.0844202939711,13,B,5,4,2023-11-07 09:37:08,6
128,128,14-Rep_2-2023_11_07-09_38_03-rev-9,34145.68537,0.8490136035973878,1.4896280748371953,16.551423053746614,1.47355,0.5909,0.8707206949999999,68.84721374760618,68.84721374760618,9.674674388888889,104.2754170783471,-2146.689555400103,0.09,60.0,-54.08416030668106,14,B,6,4,2023-11-07 09:38:03,6
129,129,15-Rep_2-2023_11_07-09_38_58-rev-8,22225.18775,0.8159992343126887,1.4232461430335213,15.813846033705792,1.35292,0.56664,0.7666185888000001,66.00997662016815,66.00997662016815,8.517984320000002,135.2202546909581,-2048.088436718369,0.09,60.0,-54.08411561858508,15,B,7,4,2023-11-07 09:38:58,6
130,130,16-Rep_2-2023_11_07-09_39_53-rev-1,26849.39041,0.8480828858508297,1.6986486197582331,18.87387355286926,1.5462900000000002,0.590901,0.91370430729,63.42548872109358,63.42548872109358,10.152270081,110.21431011914896,-1556.97309376513,0.09,60.0,-54.084085438037775,16,B,8,5,2023-11-07 09:39:53,6
131,131,18-Rep_2-2023_11_07-09_41_43-rev-1,50831.09055,0.8739653879685729,0.991132895987913,11.012587733199034,1.45251,0.627254,0.91109270754,105.1807943456898,71.77103448661464,10.123252306,104.90492884309025,-2355.279737715025,0.09,60.0,-54.08432634923408,18,C,1,5,2023-11-07 09:41:43,6
132,132,19-Rep_2-2023_11_07-09_42_38-rev-8,3948564.26,0.8103263493333581,1.2202347716702162,13.55816412966907,1.38898,0.56664,0.7870516272,79.59757991349966,69.92738178465568,8.74501808,122.40395603101724,-1377.1919148792192,0.09,60.0,-54.08390631242763,19,C,2,5,2023-11-07 09:42:38,6
133,133,20-Rep_2-2023_11_07-09_43_33-rev-0,36765.44615,0.746258338751279,0.0337781743442344,0.3753130482692716,0.0283718,0.639398,0.0181408721764,71.96689959648457,71.96689959648457,0.2015652464044445,1449.6385863134883,312736.5518684843,0.09,60.0,-54.083834564809806,20,C,3,6,2023-11-07 09:43:33,6
134,134,21-Rep_2-2023_11_07-09_44_28-rev-0,33700.08879,0.726934384535978,0.0428291445323641,0.4758793836929344,0.0303984,0.627254,0.0190675179935999,61.24343668298942,61.24343668298942,0.2118613110399999,1471.6945788099997,193582.87919366785,0.09,60.0,-54.08438238557535,21,C,4,6,2023-11-07 09:44:28,6
135,135,22-Rep_2-2023_11_07-09_45_23-rev-0,28921.21021,0.778828700608609,0.0481010839734747,0.5344564885941643,0.0430644,0.651486,0.0280558536984,74.89049090926497,74.89049090926497,0.31173170776,1390.2992906762472,592253.9166873823,0.09,60.0,-54.08343990894272,22,C,5,6,2023-11-07 09:45:23,6
136,136,24-Rep_2-2023_11_07-09_47_13-rev-0,210333.2791,0.6091972698523276,0.1590333987465808,1.7670377638508978,0.101224,0.409088,0.041409523712,42.74191206600634,42.74191206600634,0.4601058190222223,1091.22610284238,3973.359663138306,0.09,60.0,-54.08425556472388,24,C,7,7,2023-11-07 09:47:13,6
137,137,26-Rep_2-2023_11_07-09_49_03-rev-0,8753.705907,0.5496474931775073,0.234437240008908,2.6048582223212,0.137553,0.336353,0.046266364209,35.9049660851128,35.9049660851128,0.5140707134333333,955.8272470824968,2723.946856127332,0.09,60.0,-54.08409145419532,26,C,9,7,2023-11-07 09:49:03,6
138,138,00-Rep_2-2023_11_08-09_21_20-rev-8,7215.482541,0.8309067037826594,1.4515430983644475,16.128256648493863,1.42902,0.566639,0.80973846378,67.13709898827082,67.13709898827082,8.997094042,116.08464359316385,-3483.576399923863,0.09,60.0,-54.08434442630303,0,A,1,1,2023-11-08 09:21:20,7
139,139,01-Rep_2-2023_11_08-09_22_15-rev-8,6658.494803,0.834270627983866,1.4316954434237932,15.907727149153258,1.42702,0.566638,0.80860375876,67.69836176725399,67.69836176725399,8.984486208444444,112.49883464861706,-2789.725795208804,0.09,60.0,-54.084190087489326,1,A,2,1,2023-11-08 09:22:15,7
140,140,03-Rep_2-2023_11_08-09_24_05-rev-9,2795746.256,0.8461754079215189,1.455385118424043,16.170945760267145,1.4332399999999998,0.578787,0.82954067988,67.35957819589521,67.35957819589521,9.217118665333334,105.7461780579293,-2916.0355724888,0.09,60.0,-54.0839307477905,3,A,4,1,2023-11-08 09:24:05,7
141,141,04-Rep_2-2023_11_08-09_25_00-rev-1,4474184.164,0.8532289097228358,1.6520766506300646,18.356407229222945,1.5515800000000002,0.5909,0.916828622,65.04177841777162,65.04177841777162,10.18698468888889,119.2568402942664,-1074.3394345821685,0.09,60.0,-54.083884396193454,4,A,5,2,2023-11-08 09:25:00,7
142,142,05-Rep_2-2023_11_08-09_25_55-rev-1,121534.6049,0.8580858668892648,1.517495324319284,16.861059159103156,1.56038,0.603057,0.94099808166,72.26543603667402,70.27933022439862,10.455534240666667,98.10065788581812,-611.3119180323464,0.09,60.0,-54.08408368678227,5,A,6,2,2023-11-08 09:25:55,7
143,143,06-Rep_2-2023_11_08-09_26_49-rev-1,379071.4827,0.8628401053005731,1.508892030501353,16.765467005570585,1.57031,0.603057,0.94698643767,72.73698099784659,69.89209197571121,10.522071529666666,110.70402180614175,-572.1417921438812,0.09,60.0,-54.08422713710324,6,A,7,2,2023-11-08 09:26:49,7
144,144,07-Rep_2-2023_11_08-09_27_44-rev-1,184330.457,0.8644992643356064,1.5243781252515054,16.93753472501673,1.57164,0.603058,0.94779007512,71.92085150102136,69.75806977273348,10.531000834666663,112.82791216377844,-559.3777798183586,0.09,60.0,-54.08431522699638,7,A,8,2,2023-11-08 09:27:44,7
145,145,08-Rep_2-2023_11_08-09_28_39-rev-1,5838.076993,0.7765639975103457,0.1201477712000228,1.3349752355558098,0.16959,0.627252,0.10637566668,114.0116743960871,80.77273759934302,1.181951852,478.7986282276366,53374.36350556208,0.09,60.0,-54.084203860112176,8,A,9,3,2023-11-08 09:28:39,7
146,146,09-Rep_2-2023_11_08-09_29_35-rev-0,9232.97784,0.7609331084252364,0.1040641970092636,1.1562688556584846,0.100568,0.663635,0.06674044468,84.28325075426837,84.28325075426837,0.7415604964444446,433.5982217852642,103825.58841211996,0.09,60.0,-54.0838892115953,9,B,1,3,2023-11-08 09:29:35,7
147,147,10-Rep_2-2023_11_08-09_30_30-rev-1,9822.451494,0.8198610903410614,0.15387292839495,1.709699204388334,0.241891,0.651484,0.157588116244,124.9168342178382,79.46272943981074,1.7509790693777778,314.41012644185656,-2827557.597000569,0.09,60.0,-54.08407342648831,10,B,2,3,2023-11-08 09:30:30,7
148,148,11-Rep_2-2023_11_08-09_31_25-rev-1,9685.659012,0.8140353392693145,0.1538625416587165,1.7095837962079616,0.26755,0.627254,0.1678218077,133.98995258477055,77.05488567155192,1.864686752222222,332.0731501934521,-113894.61387895262,0.09,60.0,-54.083434658379176,11,B,3,3,2023-11-08 09:31:25,7
149,149,12-Rep_2-2023_11_08-09_32_20-rev-9,55406.35987,0.8482904235045376,1.5344764258279258,17.04973806475473,1.45447,0.590899,0.85944486853,66.02573400545278,66.02573400545278,9.549387428111112,100.09666572008427,-3585.8083610602625,0.09,60.0,-54.08436178294092,12,B,4,4,2023-11-08 09:32:20,7
150,150,13-Rep_2-2023_11_08-09_33_15-rev-9,43177.02547,0.8486732688865756,1.4742080084151008,16.38008898239001,1.4233900000000002,0.590899,0.8410797276099999,67.22609363847891,67.22609363847891,9.345330306777775,104.46819279284396,-3391.426936814149,0.09,60.0,-54.08420226145844,13,B,5,4,2023-11-08 09:33:15,7
151,151,14-Rep_2-2023_11_08-09_34_10-rev-9,34145.68537,0.8481247547351976,1.5074710049802629,16.74967783311403,1.46247,0.590901,0.8641749854699999,67.59164000054538,67.59164000054538,9.601944283,103.2210957283054,-2770.512307629132,0.09,60.0,-54.08403302402447,14,B,6,4,2023-11-08 09:34:10,7
152,152,15-Rep_2-2023_11_08-09_35_05-rev-8,22225.18775,0.8153681826147543,1.441142500864906,16.012694454054515,1.4044,0.554547,0.7788058068000001,66.27786260782682,66.27786260782682,8.653397853333335,121.88652537441254,-2155.648036348564,0.09,60.0,-54.08379848009413,15,B,7,4,2023-11-08 09:35:05,7
153,153,16-Rep_2-2023_11_08-09_36_00-rev-1,26849.39041,0.8469290818747683,1.7144513599628797,19.049459555143105,1.54546,0.5909,0.913212314,62.89259937242249,62.89259937242249,10.146803488888889,107.37493312972866,-2507.335992183823,0.09,60.0,-54.08399169359279,16,B,8,5,2023-11-08 09:36:00,7
154,154,18-Rep_2-2023_11_08-09_37_50-rev-1,50831.09055,0.8718097671555836,1.0137240853614802,11.26360094846089,1.44514,0.627252,0.90646695528,102.56766799118154,71.9482648200316,10.071855058666667,106.31981768998688,-2142.8879944078344,0.09,60.0,-54.08410548284864,18,C,1,5,2023-11-08 09:37:50,7
155,155,19-Rep_2-2023_11_08-09_38_45-rev-8,3948564.26,0.8068428985737015,1.255129939428267,13.945888215869632,1.38018,0.566639,0.78206381502,77.22617450380734,70.22916121610261,8.689597944666668,125.67294495921828,-1346.7800399402315,0.09,60.0,-54.08399035587148,19,C,2,5,2023-11-08 09:38:45,7
156,156,20-Rep_2-2023_11_08-09_39_40-rev-0,36765.44615,0.7471243576798227,0.0326718406656208,0.363020451840232,0.0283867,0.639399,0.0181504275933,74.35674375801997,74.35674375801997,0.2016714177033333,1556.660617902323,355520.5347801076,0.09,60.0,-54.08458098088571,20,C,3,6,2023-11-08 09:39:40,7
157,157,21-Rep_2-2023_11_08-09_40_35-rev-0,33700.08879,0.7235677426491752,0.0407693977376525,0.4529933081961398,0.0298768,0.615131,0.0183781458608,62.300022107571486,62.300022107571486,0.2042016206755555,1448.9710585102116,206198.85442936225,0.09,60.0,-54.08413790205432,21,C,4,6,2023-11-08 09:40:35,7
158,158,22-Rep_2-2023_11_08-09_41_30-rev-0,28921.21021,0.778075471106251,0.0461310919481628,0.5125676883129209,0.0422448,0.651482,0.0275217267936,76.67613621641898,76.67613621641898,0.3057969643733333,1442.70903521089,431182.7222342976,0.09,60.0,-54.0841472561066,22,C,5,6,2023-11-08 09:41:30,7
159,159,24-Rep_2-2023_11_08-09_43_20-rev-0,210333.2791,0.6117254941525304,0.168388189027868,1.8709798780874225,0.105783,0.409087,0.0432744501209999,42.01103212668374,42.01103212668374,0.4808272235666666,1118.1245185725827,4308.414403050859,0.09,60.0,-54.08375101938769,24,C,7,7,2023-11-08 09:43:20,7
160,160,26-Rep_2-2023_11_08-09_45_10-rev-0,8753.705907,0.5649581157997756,0.2500008849415348,2.777787610461498,0.146076,0.360584,0.052672668384,37.29301727875304,37.29301727875304,0.5852518709333334,917.7624352393076,2999.536424479206,0.09,60.0,-54.08409198809017,26,C,9,7,2023-11-08 09:45:10,7
161,161,00-Rep_2-2023_11_09-09_05_47-rev-8,7215.482541,0.8219687267245692,1.4692677223966826,16.325196915518696,1.41667,0.554545,0.7856072651499999,65.0502932654031,65.0502932654031,8.728969612777776,112.62111837509283,-4081.790496070855,0.09,60.0,-54.08402965951661,0,A,1,1,2023-11-09 09:05:47,8
162,162,01-Rep_2-2023_11_09-09_06_42-rev-8,6658.494803,0.8273758332208418,1.4607473923607517,16.23052658178613,1.3917199999999998,0.566638,0.7886014373599999,65.24986435077923,65.24986435077923,8.762238192888887,119.38388758318008,-3439.2504843856814,0.09,60.0,-54.08371798947932,1,A,2,1,2023-11-09 09:06:42,8
163,163,03-Rep_2-2023_11_09-09_08_32-rev-9,2795746.256,0.8433502430450263,1.4894911905179955,16.54990211686662,1.4125100000000002,0.578785,0.8175396003500001,65.08229888562546,65.08229888562546,9.083773337222222,117.02150519414236,-4274.307944405516,0.09,60.0,-54.08403234095077,3,A,4,1,2023-11-09 09:08:32,8
164,164,04-Rep_2-2023_11_09-09_09_27-rev-9,4474184.164,0.8505863138533373,1.672319943062749,18.58133270069721,1.51591,0.590899,0.89574970309,62.972206862954174,62.972206862954174,9.952774478777778,118.6228991332772,-6353.499823461106,0.09,60.0,-54.083954280525006,4,A,5,2,2023-11-09 09:09:27,8
165,165,05-Rep_2-2023_11_09-09_10_22-rev-1,121534.6049,0.8579489057371823,1.6007678732029318,17.786309702254798,1.51826,0.603056,0.91559580256,66.66747531502082,66.66747531502082,10.173286695111113,109.67633003496002,-937.3239944509014,0.09,60.0,-54.08365978570059,5,A,6,2,2023-11-09 09:10:22,8
166,166,06-Rep_2-2023_11_09-09_11_17-rev-1,379071.4827,0.8597922951934457,1.601619837690339,17.7957759743371,1.52729,0.603057,0.92104292553,66.88471529799044,66.88471529799044,10.233810283666664,116.0126094378069,-716.5205756789196,0.09,60.0,-54.08442521001844,6,A,7,2,2023-11-09 09:11:17,8
167,167,07-Rep_2-2023_11_09-09_12_12-rev-1,184330.457,0.8616637328974157,1.599349913099929,17.77055458999921,1.52464,0.603057,0.91944482448,66.71820714437459,66.71820714437459,10.216053605333334,118.66405212000024,-661.5736919648496,0.09,60.0,-54.08408566529405,7,A,8,2,2023-11-09 09:12:12,8
168,168,08-Rep_2-2023_11_09-09_13_07-rev-1,5838.076993,0.779781006516713,0.1259319075539049,1.39924341726561,0.174671,0.627252,0.109562734092,111.571796696378,80.43950734347057,1.2173637121333334,496.0481780371457,55711.22848059052,0.09,60.0,-54.08366427847453,8,A,9,3,2023-11-09 09:13:07,8
169,169,09-Rep_2-2023_11_09-09_14_02-rev-0,9232.97784,0.7698647074429784,0.1288138433785763,1.4312649264286257,0.127032,0.663635,0.08430288132,85.0091099322506,85.0091099322506,0.9366986813333332,424.8675105673621,131722.18052305258,0.09,60.0,-54.0838353939909,9,B,1,3,2023-11-09 09:14:02,8
170,170,10-Rep_2-2023_11_09-09_14_57-rev-1,9822.451494,0.8266481984576858,0.181967786492785,2.0218642943642786,0.269458,0.651484,0.1755475756719999,116.70234972120186,78.81030905474692,1.9505286185777773,327.7093119600426,-14193954.370185172,0.09,60.0,-54.083642336663,10,B,2,3,2023-11-09 09:14:57,8
171,171,11-Rep_2-2023_11_09-09_15_52-rev-1,9685.659012,0.8192146358976902,0.1650290251564575,1.8336558350717505,0.277534,0.627253,0.174084034102,128.7659111335222,76.56760176320094,1.9342670455777773,349.5376454832612,-96807.4041920677,0.09,60.0,-54.08348799101743,11,B,3,3,2023-11-09 09:15:52,8
172,172,12-Rep_2-2023_11_09-09_16_47-rev-9,55406.35987,0.8463125369552776,1.5390305569123697,17.10033952124855,1.4270699999999998,0.590899,0.8432542359299999,64.74116563119307,64.74116563119307,9.369491510333331,99.65404702264672,-6386.818030800713,0.09,60.0,-54.08395601287064,12,B,4,4,2023-11-09 09:16:47,8
173,173,13-Rep_2-2023_11_09-09_17_42-rev-9,43177.02547,0.8460970857022081,1.4911802704674408,16.568669671860455,1.39533,0.590899,0.82449910167,65.34913428921136,65.34913428921136,9.161101129666667,103.57824438001629,-5153.921758688081,0.09,60.0,-54.08378282966719,13,B,5,4,2023-11-09 09:17:42,8
174,174,14-Rep_2-2023_11_09-09_18_37-rev-9,34145.68537,0.8449562446112865,1.519166909070951,16.87963232301057,1.42761,0.590901,0.8435761766100001,65.71803880760929,65.71803880760929,9.373068629,102.04638727039404,-3768.0953239552514,0.09,60.0,-54.08359511439627,14,B,6,4,2023-11-09 09:18:37,8
175,175,15-Rep_2-2023_11_09-09_19_32-rev-9,22225.18775,0.8376489892330501,1.5019428436353417,16.688253818170462,1.43009,0.578786,0.8277160707400001,65.7909129183966,65.7909129183966,9.196845230444444,110.484212263478,-2658.1286430481177,0.09,60.0,-54.08450946279767,15,B,7,4,2023-11-09 09:19:32,8
176,176,16-Rep_2-2023_11_09-09_20_27-rev-9,26849.39041,0.8431189877920453,1.7053398287629806,18.948220319588675,1.54468,0.578785,0.8940376138,62.18075420073595,62.18075420073595,9.933751264444446,119.18747992472476,-7447.056856188717,0.09,60.0,-54.08369650270826,16,B,8,5,2023-11-09 09:20:27,8
177,177,18-Rep_2-2023_11_09-09_22_17-rev-9,50831.09055,0.8658999719222441,1.0853589340913694,12.059543712126327,1.41013,0.615133,0.8674174972900001,92.29688997117476,71.03972975474788,9.637972192111112,111.36697773257814,-1777.0474075255677,0.09,60.0,-54.08388816513968,18,C,1,5,2023-11-09 09:22:17,8
178,178,19-Rep_2-2023_11_09-09_23_12-rev-8,3948564.26,0.8009672563622783,1.3136461465727531,14.596068295252811,1.33836,0.566638,0.75836563368,72.075138485264,70.7442152596197,8.426284818666668,129.67535867148726,-1412.0072780787568,0.09,60.0,-54.08353988002117,19,C,2,5,2023-11-09 09:23:12,8
179,179,20-Rep_2-2023_11_09-09_24_07-rev-0,36765.44615,0.7520783904749796,0.0440421280096754,0.4893569778852824,0.0423789,0.639398,0.0270969839022,81.80682699758674,81.80682699758674,0.3010775989133333,1255.3910047037034,711364.9367754492,0.09,60.0,-54.0847078417446,20,C,3,6,2023-11-09 09:24:07,8
180,180,21-Rep_2-2023_11_09-09_25_02-rev-0,33700.08879,0.7361226272713837,0.0541245229186008,0.6013835879844535,0.0446588,0.615133,0.0274711016204,68.9496120103561,68.9496120103561,0.3052344624488889,1145.8636692497364,276307.2229885844,0.09,60.0,-54.08380535773141,21,C,4,6,2023-11-09 09:25:02,8
181,181,22-Rep_2-2023_11_09-09_25_57-rev-0,28921.21021,0.7839372663506609,0.0597761229929461,0.6641791443660684,0.0585318,0.639397,0.0374250573246,79.86443438569579,79.86443438569579,0.4158339702733333,1145.714121302612,1185455.0901116582,0.09,60.0,-54.08377098727867,22,C,5,6,2023-11-09 09:25:57,8
182,182,24-Rep_2-2023_11_09-09_27_47-rev-0,210333.2791,0.6362370452931337,0.1854179536846299,2.0601994853847767,0.118479,0.421199,0.049903236321,42.301715006664594,42.301715006664594,0.5544804035666667,1103.4576041656844,4937.004876493336,0.09,60.0,-54.08388295102624,24,C,7,7,2023-11-09 09:27:47,8
183,183,26-Rep_2-2023_11_09-09_29_37-rev-0,8753.705907,0.5894684942219567,0.2705665070420339,3.0062945226892657,0.1712139999999999,0.360585,0.0617372001899999,38.70903076259109,38.70903076259109,0.6859688909999999,863.1458774560825,3472.292453779932,0.09,60.0,-54.08415543418336,26,C,9,7,2023-11-09 09:29:37,8
